en_name,th_name,ingredients,course,province,region,allergens,dietary_tags,spice_level,flavor_profile,unmatched_ingredients,low_confidence_notes,allergen_source,flavor_source
Tom Yum Goong,ต้มยำกุ้ง,Shrimp+lemongrass+galangal+kaffir lime leaves+chili+lime juice+fish sauce+mushroom,main dish,Bangkok,Central,crustacean_shellfish+fish,pescatarian,4,sour+spicy+umami,,,keyword_lookup:ingredient_allergen_map.json,llm_inferred_unverified
Pad Thai,ผัดไทย,Rice noodles+shrimp+tofu+egg+peanuts+bean sprouts+tamarind paste+fish sauce,main dish,Bangkok,Central,crustacean_shellfish+egg+fish+peanut+soybean,pescatarian,2,sour+salty+sweet+umami,,,keyword_lookup:ingredient_allergen_map.json,llm_inferred_unverified
Som Tam,ส้มตำ,Green papaya+tomato+chili+garlic+fish sauce+lime juice+peanuts+dried shrimp,salad,Ubon Ratchathani,Northeast,crustacean_shellfish+fish+peanut,pescatarian,4,sour+spicy+salty+umami,,,keyword_lookup:ingredient_allergen_map.json,llm_inferred_unverified
Koi,ก้อย,Beef+lime juice+fish sauce+chili+herbs,salad,Ubon Ratchathani,Northeast,fish,none,4,sour+salty+spicy+umami,,,keyword_lookup:ingredient_allergen_map.json,llm_inferred_unverified
Larb Moo,ลาบหมู,Ground pork+lime juice+fish sauce+roasted rice powder+chili+shallot+mint,salad,Khon Kaen,Northeast,fish,none,4,sour+salty+spicy+umami,,,keyword_lookup:ingredient_allergen_map.json,llm_inferred_unverified
Khao Soi,ข้าวซอย,Egg noodles+chicken+coconut milk+curry paste+shallot+pickled mustard greens,main dish,Chiang Mai,North,crustacean_shellfish+egg+wheat,none,3,spicy+salty+umami+sweet,,"curry paste: many traditional Thai curry pastes include shrimp paste, but not all recipes -- verify per dish",keyword_lookup:ingredient_allergen_map.json,llm_inferred_unverified
Sai Oua,ไส้อั่ว,Pork+curry paste+kaffir lime leaves+lemongrass+shallot,snack,Chiang Mai,North,crustacean_shellfish,none,3,spicy+sour+umami+salty,,"curry paste: many traditional Thai curry pastes include shrimp paste, but not all recipes -- verify per dish",keyword_lookup:ingredient_allergen_map.json,llm_inferred_unverified
Nam Prik Ong,น้ำพริกอ่อง,Ground pork+tomato+dried chili+garlic+shallot,snack,Chiang Mai,North,,none,3,spicy+umami+salty+sour,,,keyword_lookup:ingredient_allergen_map.json,llm_inferred_unverified
Gaeng Tai Pla,แกงไตปลา,Fish stomach paste+fish+eggplant+bamboo shoots+chili+turmeric,main dish,Nakhon Si Thammarat,South,fish,pescatarian,4,spicy+umami+salty+bitter,,,keyword_lookup:ingredient_allergen_map.json,llm_inferred_unverified
Kua Kling,คั่วกลิ้ง,Ground pork+curry paste+kaffir lime leaves+turmeric,main dish,Nakhon Si Thammarat,South,crustacean_shellfish,none,4,spicy+umami+salty,,"curry paste: many traditional Thai curry pastes include shrimp paste, but not all recipes -- verify per dish",keyword_lookup:ingredient_allergen_map.json,llm_inferred_unverified
Massaman Curry,แกงมัสมั่น,Beef+coconut milk+massaman curry paste+potato+peanuts+cinnamon,main dish,Nakhon Si Thammarat,South,crustacean_shellfish+peanut,none,3,spicy+sweet+umami+salty,,massaman curry paste: recipes vary; some massaman pastes omit shrimp paste -- verify per dish,keyword_lookup:ingredient_allergen_map.json,llm_inferred_unverified
Pad Kra Pao,ผัดกะเพรา,Ground pork+holy basil+chili+garlic+fish sauce+egg,main dish,Bangkok,Central,egg+fish,none,3,spicy+umami+salty,,,keyword_lookup:ingredient_allergen_map.json,llm_inferred_unverified
Tom Kha Gai,ต้มข่าไก่,Chicken+coconut milk+galangal+lemongrass+kaffir lime leaves+chili+lime juice,main dish,Bangkok,Central,,none,2,sour+sweet+spicy+umami,,,keyword_lookup:ingredient_allergen_map.json,llm_inferred_unverified
Miang Kham,เมี่ยงคำ,Betel leaf+dried shrimp+peanuts+lime+ginger+shallot+chili,snack,Chiang Mai,North,crustacean_shellfish+peanut,pescatarian,3,sour+salty+spicy+umami,,,keyword_lookup:ingredient_allergen_map.json,llm_inferred_unverified
Khao Kluk Kapi,ข้าวคลุกกะปิ,Rice+shrimp paste+dried shrimp+pork+lime+chili,main dish,Bangkok,Central,crustacean_shellfish,none,4,spicy+salty+sour+umami,,,keyword_lookup:ingredient_allergen_map.json,llm_inferred_unverified
Kanom Krok,ขนมครก,Rice flour+coconut milk+sugar+scallion,dessert,Bangkok,Central,,pescatarian+vegan+vegetarian,1,sweet+umami,,,keyword_lookup:ingredient_allergen_map.json,llm_inferred_unverified
Kung Chae Nam Pla,กุ้งแช่น้ำปลา,Shrimp+fish sauce+garlic+chili,main dish,Coastal provinces,South,crustacean_shellfish+fish,pescatarian,3,spicy+salty+umami,,,keyword_lookup:ingredient_allergen_map.json,llm_inferred_unverified
Kai Koa Lae,ไก่กอและ,Chicken+spices+coconut milk+turmeric,main dish,Pattani,South,,none,3,spicy+umami+sweet,,,keyword_lookup:ingredient_allergen_map.json,llm_inferred_unverified
Kao Phat Sapparot,ข้าวผัดสับปะรด,Pineapple fried rice+soy sauce+garlic,main dish,Coastal provinces,South,soybean+wheat,pescatarian+vegan+vegetarian,2,sweet+salty+umami,,"soy sauce: traditionally brewed with wheat, but gluten-free/tamari versions exist -- verify per product",keyword_lookup:ingredient_allergen_map.json,llm_inferred_unverified
Kao Yam,ข้าวยำ,Rice salad+vegetables+herbs,main dish,Southern provinces,South,,pescatarian+vegan+vegetarian,2,sour+salty+umami,,,keyword_lookup:ingredient_allergen_map.json,llm_inferred_unverified
Kao Mok,ข้าวหมก,Biryani rice+chicken+spices,main dish,Southern provinces,South,,none,3,spicy+umami+salty,,,keyword_lookup:ingredient_allergen_map.json,llm_inferred_unverified
Hoi Tod,หอยทอด,Oyster omelette+fish sauce+garlic,main dish,Coastal provinces,South,egg+fish+molluscs,pescatarian,2,salty+umami+sour,,,keyword_lookup:ingredient_allergen_map.json,llm_inferred_unverified
Kaeng Lueang,แกงเหลือง,Yellow curry paste+fish+vegetables,main dish,Southern provinces,South,crustacean_shellfish+fish,pescatarian,3,spicy+salty+umami,,yellow curry paste: same caveat as 'curry paste' -- recipes vary on whether shrimp paste is included,keyword_lookup:ingredient_allergen_map.json,llm_inferred_unverified
Moo Hong,หมูฮ้อง,Stewed pork belly+herbs+spices,main dish,Southern provinces,South,,none,3,umami+salty+spicy,,,keyword_lookup:ingredient_allergen_map.json,llm_inferred_unverified
Mata Ba,มะตะบะ,Flour+egg+vegetables,snack,Southern provinces,South,egg,pescatarian+vegetarian,1,umami+salty,flour,,keyword_lookup:ingredient_allergen_map.json,llm_inferred_unverified
Loba,โลบะ,Pork+herbs+spices,main dish,Southern provinces,South,,none,3,savory+umami+spicy,,,keyword_lookup:ingredient_allergen_map.json,llm_inferred_unverified
Sate,สะเต๊ะ,Meat+spices+peanut sauce,snack,Southern provinces,South,peanut,none,3,spicy+salty+umami+sweet,,"meat: generic term, exact animal unspecified -- found via testing/run_eval.py: being unmatched let a dish literally listing 'Meat' as an ingredient (Sate) get tagged vegan by omission. Excluding all three diets is the conservative default, same as any other unspecified animal flesh.",keyword_lookup:ingredient_allergen_map.json,llm_inferred_unverified
Hoi Jo,ฮ่อยจ๊อ,Crab+flour+herbs,snack,Southern provinces,South,crustacean_shellfish,pescatarian,1,umami+salty,flour,,keyword_lookup:ingredient_allergen_map.json,llm_inferred_unverified
Kai Yang,ไก่ย่าง,Grilled chicken+soy sauce+garlic,main dish,Khon Kaen,Northeast,soybean+wheat,none,2,umami+salty,,"soy sauce: traditionally brewed with wheat, but gluten-free/tamari versions exist -- verify per product",keyword_lookup:ingredient_allergen_map.json,llm_inferred_unverified
Kao Chi,ข้าวจี่,Grilled sticky rice+soy sauce+garlic,main dish,Rural areas,Northeast,soybean+wheat,pescatarian+vegan+vegetarian,1,salty+umami,,"soy sauce: traditionally brewed with wheat, but gluten-free/tamari versions exist -- verify per product",keyword_lookup:ingredient_allergen_map.json,llm_inferred_unverified
Soi Ju,ซอยจุ๊,Raw beef salad+herbs+garlic,main dish,Northeast provinces,Northeast,,none,3,sour+spicy+umami+salty,,,keyword_lookup:ingredient_allergen_map.json,llm_inferred_unverified
Suea Rong Hai,เสือร้องไห้,Grilled beef salad+fish sauce+garlic,main dish,Northeast provinces,Northeast,fish,none,3,salty+umami+sour,,,keyword_lookup:ingredient_allergen_map.json,llm_inferred_unverified
Sai Krok Isan,ไส้กรอกอีสาน,Isan sausage+garlic+chili,main dish,Northeast provinces,Northeast,,none,4,spicy+umami+salty,,isan sausage: assumed pork-based (traditional Sai Krok Isan); recipes vary,keyword_lookup:ingredient_allergen_map.json,llm_inferred_unverified
Kaeng Poe,แกงเปอะ,Fermented fish+curry paste+vegetables,main dish,Northeast provinces,Northeast,crustacean_shellfish+fish,pescatarian,4,spicy+umami+salty+sour,,"curry paste: many traditional Thai curry pastes include shrimp paste, but not all recipes -- verify per dish",keyword_lookup:ingredient_allergen_map.json,llm_inferred_unverified
Tom Saep,ต้มแซ่บ,Herbs+meat+spices,main dish,Northeast provinces,Northeast,,none,4,spicy+umami+sour,,"meat: generic term, exact animal unspecified -- found via testing/run_eval.py: being unmatched let a dish literally listing 'Meat' as an ingredient (Sate) get tagged vegan by omission. Excluding all three diets is the conservative default, same as any other unspecified animal flesh.",keyword_lookup:ingredient_allergen_map.json,llm_inferred_unverified
