en_name,th_name,ingredients,course,province,region
Tom Yum Goong,ต้มยำกุ้ง,Shrimp+lemongrass+galangal+kaffir lime leaves+chili+lime juice+fish sauce+mushroom,main dish,Bangkok,Central
Pad Thai,ผัดไทย,Rice noodles+shrimp+tofu+egg+peanuts+bean sprouts+tamarind paste+fish sauce,main dish,Bangkok,Central
Som Tam,ส้มตำ,Green papaya+tomato+chili+garlic+fish sauce+lime juice+peanuts+dried shrimp,salad,Ubon Ratchathani,Northeast
Koi,ก้อย,Beef+lime juice+fish sauce+chili+herbs,salad,Ubon Ratchathani,Northeast
Larb Moo,ลาบหมู,Ground pork+lime juice+fish sauce+roasted rice powder+chili+shallot+mint,salad,Khon Kaen,Northeast
Khao Soi,ข้าวซอย,Egg noodles+chicken+coconut milk+curry paste+shallot+pickled mustard greens,main dish,Chiang Mai,North
Sai Oua,ไส้อั่ว,Pork+curry paste+kaffir lime leaves+lemongrass+shallot,snack,Chiang Mai,North
Nam Prik Ong,น้ำพริกอ่อง,Ground pork+tomato+dried chili+garlic+shallot,snack,Chiang Mai,North
Gaeng Tai Pla,แกงไตปลา,Fish stomach paste+fish+eggplant+bamboo shoots+chili+turmeric,main dish,Nakhon Si Thammarat,South
Kua Kling,คั่วกลิ้ง,Ground pork+curry paste+kaffir lime leaves+turmeric,main dish,Nakhon Si Thammarat,South
Massaman Curry,แกงมัสมั่น,Beef+coconut milk+massaman curry paste+potato+peanuts+cinnamon,main dish,Nakhon Si Thammarat,South
Pad Kra Pao,ผัดกะเพรา,Ground pork+holy basil+chili+garlic+fish sauce+egg,main dish,Bangkok,Central
Tom Kha Gai,ต้มข่าไก่,Chicken+coconut milk+galangal+lemongrass+kaffir lime leaves+chili+lime juice,main dish,Bangkok,Central
Miang Kham,เมี่ยงคำ,Betel leaf+dried shrimp+peanuts+lime+ginger+shallot+chili,snack,Chiang Mai,North
Khao Kluk Kapi,ข้าวคลุกกะปิ,Rice+shrimp paste+dried shrimp+pork+lime+chili,main dish,Bangkok,Central
Kanom Krok,ขนมครก,Rice flour+coconut milk+sugar+scallion,dessert,Bangkok,Central
